Frame_ID,Time_s,Arduino_State,Camera_Frame,Raw_Ticks_Signed,Zeroed_Dist_cm,Smoothed_Vel_cm_s
1,0.000000,0,1,39,0.0000,0.0000
2,0.000450,0,1,39,0.0000,0.0000
3,0.000900,0,1,39,0.0000,0.0000
4,0.001350,0,1,39,0.0000,0.0000
5,0.001800,0,1,39,0.0000,0.0000
6,0.002250,0,2,39,0.0000,0.0000
7,0.002700,0,2,38,-0.0119,-4.4030
8,0.003150,0,2,38,-0.0119,-3.7740
9,0.003600,0,2,38,-0.0119,-3.3023
10,0.004050,0,2,38,-0.0119,-2.9354
11,0.004500,0,2,38,-0.0119,-2.6418
12,0.004950,0,2,38,-0.0119,-2.4016
13,0.005400,0,2,38,-0.0119,-2.2015
14,0.005850,0,2,38,-0.0119,-2.0322
15,0.006300,0,2,38,-0.0119,-1.8870
16,0.006750,0,2,38,-0.0119,-1.7612
17,0.007200,0,2,38,-0.0119,-1.6511
18,0.007650,0,2,38,-0.0119,-1.5540
19,0.008100,0,2,38,-0.0119,-1.4677
20,0.008550,0,2,38,-0.0119,-1.3904
21,0.009000,0,2,38,-0.0119,-1.3209
22,0.009450,0,2,38,-0.0119,-1.2580
23,0.009900,0,2,38,-0.0119,-1.2008
24,0.010350,0,2,38,-0.0119,-1.1486
25,0.010800,0,2,38,-0.0119,-1.1008
26,0.011250,0,2,38,-0.0119,-1.0567
27,0.011700,0,2,38,-0.0119,-1.0161
28,0.012150,0,3,38,-0.0119,-0.9785
29,0.012600,0,3,38,-0.0119,-0.9435
30,0.013050,0,3,38,-0.0119,-0.9110
31,0.013500,0,3,38,-0.0119,-0.8806
32,0.013950,0,3,38,-0.0119,-0.8522
33,0.014400,0,3,38,-0.0119,-0.8256
34,0.014850,0,3,38,-0.0119,-0.8006
35,0.015300,0,3,38,-0.0119,-0.7770
36,0.015750,0,3,37,-0.0238,-1.5096
37,0.016200,0,3,37,-0.0238,-1.4677
38,0.016650,0,3,37,-0.0238,-1.4280
39,0.017100,0,3,37,-0.0238,-1.3904
40,0.017550,0,3,37,-0.0238,-1.3548
41,0.018000,0,3,37,-0.0238,-1.3209
42,0.018450,0,3,37,-0.0238,-1.2887
43,0.018900,0,3,37,-0.0238,-1.2580
44,0.019350,0,3,37,-0.0238,-1.2288
45,0.019800,0,3,37,-0.0238,-1.2008
46,0.020250,0,3,37,-0.0238,-1.1741
47,0.020700,0,3,37,-0.0238,-1.1486
48,0.021150,0,3,37,-0.0238,-1.1242
49,0.021600,0,3,37,-0.0238,-1.1008
50,0.022050,0,4,37,-0.0238,-1.0783
51,0.022500,0,4,37,-0.0238,-1.0567
52,0.022950,0,4,37,-0.0238,-1.0360
53,0.023400,0,4,37,-0.0238,-1.0161
54,0.023850,0,4,37,-0.0238,-0.9969
55,0.024300,0,4,37,-0.0238,-0.9785
56,0.024750,0,4,37,-0.0238,-0.9607
57,0.025200,0,4,37,-0.0238,-0.9435
58,0.025650,0,4,37,-0.0238,-0.9270
59,0.026100,0,4,37,-0.0238,-0.9110
60,0.026550,0,4,37,-0.0238,-0.8955
61,0.027000,0,4,37,-0.0238,-0.8806
62,0.027450,0,4,37,-0.0238,-0.8662
63,0.027900,0,4,37,-0.0238,-0.8522
64,0.028350,0,4,37,-0.0238,-0.8387
65,0.028800,0,4,37,-0.0238,-0.8256
66,0.029250,0,4,37,-0.0238,-0.8129
67,0.029700,0,4,37,-0.0238,-0.8006
68,0.030150,0,4,37,-0.0238,-0.7886
69,0.030600,0,4,37,-0.0238,-0.7770
70,0.031050,0,4,36,-0.0357,-1.1486
71,0.031500,0,4,36,-0.0357,-1.1322
72,0.031950,0,5,36,-0.0357,-1.1163
73,0.032400,0,5,36,-0.0357,-1.1008
74,0.032850,0,5,36,-0.0357,-1.0857
75,0.033300,0,5,36,-0.0357,-1.0710
76,0.033750,0,5,36,-0.0357,-1.0567
77,0.034200,0,5,36,-0.0357,-1.0428
78,0.034650,0,5,36,-0.0357,-1.0293
79,0.035100,0,5,36,-0.0357,-1.0161
80,0.035550,0,5,36,-0.0357,-1.0032
81,0.036000,0,5,36,-0.0357,-0.9907
82,0.036450,0,5,36,-0.0357,-0.9785
83,0.036900,0,5,36,-0.0357,-0.9665
84,0.037350,0,5,36,-0.0357,-0.9549
85,0.037800,0,5,36,-0.0357,-0.9435
86,0.038250,0,5,36,-0.0357,-0.9324
87,0.038700,0,5,36,-0.0357,-0.9216
88,0.039150,0,5,36,-0.0357,-0.9110
89,0.039600,0,5,36,-0.0357,-0.9006
90,0.040051,0,5,36,-0.0357,-0.8905
91,0.040501,0,5,36,-0.0357,-0.8806
92,0.040951,0,5,36,-0.0357,-0.8709
93,0.041400,0,5,36,-0.0357,-0.8615
94,0.041850,0,5,36,-0.0357,-0.8522
95,0.042301,0,6,36,-0.0357,-0.8431
96,0.042751,0,6,36,-0.0357,-0.8343
97,0.043201,0,6,36,-0.0357,-0.8256
98,0.043651,0,6,36,-0.0357,-0.8171
99,0.044101,0,6,36,-0.0357,-0.8087
100,0.044551,0,6,36,-0.0357,-0.8006
101,0.045001,0,6,36,-0.0357,-0.7925
102,0.045451,0,6,36,-0.0357,-0.7847
103,0.045901,0,6,36,-0.0357,-0.7770
104,0.046351,0,6,35,-0.0476,-1.0260
105,0.046801,0,6,35,-0.0476,-1.0161
106,0.047251,0,6,35,-0.0476,-1.0064
107,0.047701,0,6,35,-0.0476,-0.9969
108,0.048151,0,6,35,-0.0476,-0.9876
109,0.048601,0,6,35,-0.0476,-0.9785
110,0.049051,0,6,35,-0.0476,-0.9695
111,0.049501,0,6,35,-0.0476,-0.9607
112,0.049951,0,6,35,-0.0476,-0.9520
113,0.050401,0,6,35,-0.0476,-0.9520
114,0.050851,0,6,35,-0.0476,-0.9520
115,0.051301,0,6,35,-0.0476,-0.9520
116,0.051751,0,6,35,-0.0476,-0.9520
117,0.052201,0,7,35,-0.0476,-0.9520
118,0.052651,0,7,35,-0.0476,-0.7140
119,0.053101,0,7,35,-0.0476,-0.7140
120,0.053551,0,7,35,-0.0476,-0.7140
121,0.054001,0,7,35,-0.0476,-0.7140
122,0.054451,0,7,35,-0.0476,-0.7140
123,0.054901,0,7,35,-0.0476,-0.7140
124,0.055351,0,7,35,-0.0476,-0.7140
125,0.055801,0,7,35,-0.0476,-0.7140
126,0.056251,0,7,35,-0.0476,-0.7140
127,0.056701,0,7,35,-0.0476,-0.7140
128,0.057151,0,7,35,-0.0476,-0.7140
129,0.057601,0,7,35,-0.0476,-0.7140
130,0.058051,0,7,35,-0.0476,-0.7140
131,0.058501,0,7,35,-0.0476,-0.7140
132,0.058951,0,7,35,-0.0476,-0.7140
133,0.059401,0,7,35,-0.0476,-0.7140
134,0.059851,0,7,35,-0.0476,-0.7140
135,0.060301,0,7,34,-0.0594,-0.9520
136,0.060751,0,7,34,-0.0594,-0.9520
137,0.061201,0,7,34,-0.0594,-0.9520
138,0.061651,0,7,34,-0.0594,-0.9520
139,0.062101,0,8,34,-0.0594,-0.9520
140,0.062551,0,8,34,-0.0594,-0.9520
141,0.063001,0,8,34,-0.0594,-0.9520
142,0.063451,0,8,34,-0.0594,-0.9520
143,0.063901,0,8,34,-0.0594,-0.9520
144,0.064351,0,8,34,-0.0594,-0.9520
145,0.064801,0,8,34,-0.0594,-0.9520
146,0.065251,0,8,34,-0.0594,-0.9520
147,0.065701,0,8,34,-0.0594,-0.7140
148,0.066151,0,8,34,-0.0594,-0.7140
149,0.066601,0,8,34,-0.0594,-0.7140
150,0.067051,0,8,34,-0.0594,-0.7140
151,0.067501,0,8,34,-0.0594,-0.7140
152,0.067951,0,8,34,-0.0594,-0.7140
153,0.068401,0,8,34,-0.0594,-0.7140
154,0.068851,0,8,34,-0.0594,-0.7140
155,0.069301,0,8,34,-0.0594,-0.7140
156,0.069751,0,8,34,-0.0594,-0.7140
157,0.070201,0,8,34,-0.0594,-0.7140
158,0.070651,0,8,34,-0.0594,-0.7140
159,0.071101,0,8,34,-0.0594,-0.7140
160,0.071551,0,8,34,-0.0594,-0.7140
161,0.072001,0,9,34,-0.0594,-0.7140
162,0.072451,0,9,34,-0.0594,-0.7140
163,0.072901,0,9,34,-0.0594,-0.7140
164,0.073351,0,9,34,-0.0594,-0.7140
165,0.073801,0,9,34,-0.0594,-0.7140
166,0.074251,0,9,34,-0.0594,-0.7140
167,0.074701,0,9,34,-0.0594,-0.7140
168,0.075151,0,9,34,-0.0594,-0.7140
169,0.075601,0,9,34,-0.0594,-0.7140
170,0.076051,0,9,34,-0.0594,-0.7140
171,0.076501,0,9,34,-0.0594,-0.7140
172,0.076951,0,9,34,-0.0594,-0.7140
173,0.077401,0,9,34,-0.0594,-0.7140
174,0.077851,0,9,34,-0.0594,-0.7140
175,0.078301,0,9,34,-0.0594,-0.7140
176,0.078751,0,9,34,-0.0594,-0.7140
177,0.079201,0,9,34,-0.0594,-0.7140
178,0.079651,0,9,34,-0.0594,-0.7140
179,0.080101,0,9,34,-0.0594,-0.7140
180,0.080551,0,9,34,-0.0594,-0.7140
181,0.081001,0,9,34,-0.0594,-0.4760
182,0.081451,0,9,34,-0.0594,-0.4760
183,0.081901,0,10,34,-0.0594,-0.4760
184,0.082351,0,10,34,-0.0594,-0.4760
185,0.082801,0,10,34,-0.0594,-0.4760
186,0.083251,0,10,34,-0.0594,-0.4760
187,0.083701,0,10,34,-0.0594,-0.4760
188,0.084151,0,10,34,-0.0594,-0.4760
189,0.084601,0,10,34,-0.0594,-0.4760
190,0.085051,0,10,34,-0.0594,-0.4760
191,0.085501,0,10,34,-0.0594,-0.4760
192,0.085951,0,10,34,-0.0594,-0.4760
193,0.086401,0,10,34,-0.0594,-0.4760
194,0.086851,0,10,34,-0.0594,-0.4760
195,0.087301,0,10,34,-0.0594,-0.4760
196,0.087751,0,10,34,-0.0594,-0.4760
197,0.088201,0,10,34,-0.0594,-0.4760
198,0.088651,0,10,34,-0.0594,-0.4760
199,0.089101,0,10,34,-0.0594,-0.4760
200,0.089551,0,10,34,-0.0594,-0.4760
201,0.090001,0,10,34,-0.0594,-0.4760
202,0.090451,0,10,33,-0.0713,-0.7140
203,0.090901,0,10,33,-0.0713,-0.7140
204,0.091351,0,10,33,-0.0713,-0.7140
205,0.091801,0,10,33,-0.0713,-0.7140
206,0.092251,0,11,33,-0.0713,-0.7140
207,0.092701,0,11,33,-0.0713,-0.7140
208,0.093151,0,11,33,-0.0713,-0.7140
209,0.093601,0,11,33,-0.0713,-0.7140
210,0.094051,0,11,33,-0.0713,-0.7140
211,0.094501,0,11,33,-0.0713,-0.7140
212,0.094951,0,11,33,-0.0713,-0.7140
213,0.095401,0,11,33,-0.0713,-0.7140
214,0.095851,0,11,33,-0.0713,-0.7140
215,0.096301,0,11,33,-0.0713,-0.4760
216,0.096751,0,11,33,-0.0713,-0.4760
217,0.097201,0,11,33,-0.0713,-0.4760
218,0.097651,0,11,33,-0.0713,-0.4760
219,0.098101,0,11,33,-0.0713,-0.4760
220,0.098551,0,11,33,-0.0713,-0.4760
221,0.099001,0,11,33,-0.0713,-0.4760
222,0.099451,0,11,33,-0.0713,-0.4760
223,0.099901,0,11,33,-0.0713,-0.4760
224,0.100351,0,11,33,-0.0713,-0.4760
225,0.100801,0,11,33,-0.0713,-0.4760
226,0.101251,0,11,33,-0.0713,-0.4760
227,0.101701,0,11,33,-0.0713,-0.4760
228,0.102151,0,12,33,-0.0713,-0.4760
229,0.102601,0,12,33,-0.0713,-0.4760
230,0.103051,0,12,33,-0.0713,-0.4760
231,0.103501,0,12,34,-0.0594,-0.2380
232,0.103951,0,12,34,-0.0594,-0.2380
233,0.104401,0,12,34,-0.0594,-0.2380
234,0.104851,0,12,34,-0.0594,-0.2380
235,0.105301,0,12,34,-0.0594,-0.2380
236,0.105751,0,12,34,-0.0594,-0.2380
237,0.106201,0,12,34,-0.0594,-0.2380
238,0.106651,0,12,34,-0.0594,-0.2380
239,0.107101,0,12,34,-0.0594,-0.2380
240,0.107551,0,12,34,-0.0594,-0.2380
241,0.108001,0,12,34,-0.0594,-0.2380
242,0.108451,0,12,34,-0.0594,-0.2380
243,0.108901,0,12,34,-0.0594,-0.2380
244,0.109351,0,12,34,-0.0594,-0.2380
245,0.109801,0,12,34,-0.0594,-0.2380
246,0.110251,0,12,34,-0.0594,0.0000
247,0.110701,0,12,34,-0.0594,0.0000
248,0.111151,0,12,34,-0.0594,0.0000
249,0.111601,0,12,34,-0.0594,0.0000
250,0.112051,0,13,34,-0.0594,0.0000
251,0.112501,0,13,34,-0.0594,0.0000
252,0.112951,0,13,34,-0.0594,0.0000
253,0.113401,0,13,34,-0.0594,0.0000
254,0.113851,0,13,34,-0.0594,0.0000
255,0.114301,0,13,34,-0.0594,0.0000
256,0.114751,0,13,34,-0.0594,0.0000
257,0.115201,0,13,34,-0.0594,0.0000
258,0.115651,0,13,34,-0.0594,0.0000
259,0.116101,0,13,34,-0.0594,0.0000
260,0.116551,0,13,34,-0.0594,0.0000
261,0.117001,0,13,34,-0.0594,0.0000
262,0.117451,0,13,34,-0.0594,0.0000
263,0.117901,0,13,34,-0.0594,0.0000
264,0.118351,0,13,34,-0.0594,0.0000
265,0.118801,0,13,34,-0.0594,0.0000
266,0.119251,0,13,34,-0.0594,0.0000
267,0.119701,0,13,34,-0.0594,0.0000
268,0.120151,0,13,34,-0.0594,0.0000
269,0.120601,0,13,34,-0.0594,0.0000
270,0.121051,0,13,34,-0.0594,0.0000
271,0.121501,0,13,34,-0.0594,0.0000
272,0.121952,0,14,34,-0.0594,0.0000
273,0.122401,0,14,34,-0.0594,0.0000
274,0.122852,0,14,34,-0.0594,0.0000
275,0.123301,0,14,34,-0.0594,0.0000
276,0.123752,0,14,34,-0.0594,0.0000
277,0.124202,0,14,34,-0.0594,0.0000
278,0.124651,0,14,34,-0.0594,0.0000
279,0.125102,0,14,34,-0.0594,0.0000
280,0.125552,0,14,35,-0.0476,0.2380
281,0.126002,0,14,35,-0.0476,0.2380
282,0.126452,0,14,35,-0.0476,0.2380
283,0.126902,0,14,35,-0.0476,0.2380
284,0.127352,0,14,35,-0.0476,0.2380
285,0.127802,0,14,35,-0.0476,0.2380
286,0.128252,0,14,35,-0.0476,0.2380
287,0.128702,0,14,35,-0.0476,0.2380
288,0.129152,0,14,35,-0.0476,0.2380
289,0.129602,0,14,35,-0.0476,0.2380
290,0.130052,0,14,35,-0.0476,0.2380
291,0.130502,0,14,35,-0.0476,0.2380
292,0.130952,0,14,35,-0.0476,0.2380
293,0.131402,0,14,35,-0.0476,0.2380
294,0.131852,0,14,35,-0.0476,0.2380
295,0.132302,0,15,35,-0.0476,0.2380
296,0.132752,0,15,35,-0.0476,0.2380
297,0.133202,0,15,35,-0.0476,0.2380
298,0.133652,0,15,35,-0.0476,0.2380
299,0.134102,0,15,35,-0.0476,0.2380
300,0.134552,0,15,35,-0.0476,0.2380
301,0.135002,0,15,35,-0.0476,0.2380
302,0.135452,0,15,35,-0.0476,0.2380
303,0.135902,0,15,35,-0.0476,0.2380
304,0.136352,0,15,36,-0.0357,0.4760
305,0.136802,0,15,36,-0.0357,0.4760
306,0.137252,0,15,36,-0.0357,0.4760
307,0.137702,0,15,36,-0.0357,0.4760
308,0.138152,0,15,36,-0.0357,0.4760
309,0.138602,0,15,36,-0.0357,0.4760
310,0.139052,0,15,36,-0.0357,0.4760
311,0.139502,0,15,36,-0.0357,0.4760
312,0.139952,0,15,36,-0.0357,0.4760
313,0.140402,0,15,36,-0.0357,0.7140
314,0.140852,0,15,36,-0.0357,0.7140
315,0.141302,0,15,36,-0.0357,0.7140
316,0.141752,0,15,36,-0.0357,0.7140
317,0.142202,0,16,36,-0.0357,0.7140
318,0.142652,0,16,36,-0.0357,0.7140
319,0.143102,0,16,36,-0.0357,0.7140
320,0.143552,0,16,36,-0.0357,0.7140
321,0.144002,0,16,36,-0.0357,0.7140
322,0.144452,0,16,36,-0.0357,0.7140
323,0.144902,0,16,36,-0.0357,0.7140
324,0.145352,0,16,36,-0.0357,0.7140
325,0.145802,0,16,36,-0.0357,0.7140
326,0.146252,0,16,36,-0.0357,0.7140
327,0.146702,0,16,36,-0.0357,0.7140
328,0.147152,0,16,36,-0.0357,0.7140
329,0.147602,0,16,36,-0.0357,0.7140
330,0.148052,0,16,37,-0.0238,0.9520
331,0.148502,0,16,37,-0.0238,0.9520
332,0.148952,0,16,37,-0.0238,0.9520
333,0.149402,0,16,37,-0.0238,0.9520
334,0.149852,0,16,37,-0.0238,0.9520
335,0.150302,0,16,37,-0.0238,0.9520
336,0.150752,0,16,37,-0.0238,0.9520
337,0.151202,0,16,37,-0.0238,0.9520
338,0.151652,0,16,37,-0.0238,0.9520
339,0.152102,0,17,37,-0.0238,0.9520
340,0.152552,0,17,37,-0.0238,0.9520
341,0.153002,0,17,37,-0.0238,0.9520
342,0.153452,0,17,37,-0.0238,0.7140
343,0.153902,0,17,37,-0.0238,0.7140
344,0.154352,0,17,37,-0.0238,0.7140
345,0.154802,0,17,37,-0.0238,0.7140
346,0.155252,0,17,37,-0.0238,0.7140
347,0.155702,0,17,37,-0.0238,0.7140
348,0.156152,0,17,37,-0.0238,0.7140
349,0.156602,0,17,37,-0.0238,0.7140
350,0.157052,0,17,37,-0.0238,0.7140
351,0.157502,0,17,37,-0.0238,0.7140
352,0.157952,0,17,37,-0.0238,0.7140
353,0.158402,0,17,37,-0.0238,0.7140
354,0.158852,0,17,37,-0.0238,0.7140
355,0.159302,0,17,37,-0.0238,0.7140
356,0.159752,0,17,38,-0.0119,0.9520
357,0.160202,0,17,38,-0.0119,0.9520
358,0.160652,0,17,38,-0.0119,0.9520
359,0.161102,0,17,38,-0.0119,0.9520
360,0.161552,0,17,38,-0.0119,0.9520
361,0.162002,0,18,38,-0.0119,0.9520
362,0.162452,0,18,38,-0.0119,0.9520
363,0.162902,0,18,38,-0.0119,0.9520
364,0.163352,0,18,38,-0.0119,0.9520
365,0.163802,0,18,38,-0.0119,0.9520
366,0.164252,0,18,38,-0.0119,0.9520
367,0.164702,0,18,38,-0.0119,0.9520
368,0.165152,0,18,38,-0.0119,0.9520
369,0.165602,0,18,38,-0.0119,0.9520
370,0.166052,0,18,38,-0.0119,0.9520
371,0.166502,0,18,38,-0.0119,0.9520
372,0.166952,0,18,38,-0.0119,0.9520
373,0.167402,0,18,38,-0.0119,0.9520
374,0.167852,0,18,38,-0.0119,0.9520
375,0.168302,0,18,38,-0.0119,0.9520
376,0.168752,0,18,38,-0.0119,0.9520
377,0.169202,0,18,38,-0.0119,0.9520
378,0.169652,0,18,39,0.0000,1.1900
379,0.170102,0,18,39,0.0000,1.1900
380,0.170552,0,18,39,0.0000,1.1900
381,0.171002,0,18,39,0.0000,1.1900
382,0.171452,0,18,39,0.0000,1.1900
383,0.171902,0,18,39,0.0000,1.1900
384,0.172352,0,19,39,0.0000,1.1900
385,0.172802,0,19,39,0.0000,1.1900
386,0.173252,0,19,39,0.0000,1.1900
387,0.173702,0,19,39,0.0000,1.1900
388,0.174152,0,19,39,0.0000,1.1900
389,0.174602,0,19,39,0.0000,1.1900
390,0.175052,0,19,39,0.0000,1.1900
391,0.175502,0,19,39,0.0000,0.9520
392,0.175952,0,19,39,0.0000,0.9520
393,0.176402,0,19,39,0.0000,0.9520
394,0.176852,0,19,39,0.0000,0.9520
395,0.177302,0,19,40,0.0119,1.1900
396,0.177752,0,19,40,0.0119,1.1900
397,0.178202,0,19,40,0.0119,1.1900
398,0.178652,0,19,40,0.0119,1.1900
399,0.179102,0,19,40,0.0119,1.1900
400,0.179552,0,19,40,0.0119,1.1900
401,0.180002,0,19,40,0.0119,1.1900
402,0.180452,0,19,40,0.0119,1.1900
403,0.180902,0,19,40,0.0119,1.1900
404,0.181352,0,19,40,0.0119,1.1900
405,0.181802,0,19,40,0.0119,1.1900
406,0.182252,0,20,40,0.0119,1.1900
407,0.182702,0,20,40,0.0119,1.1900
408,0.183152,0,20,40,0.0119,1.1900
409,0.183602,0,20,40,0.0119,1.1900
410,0.184052,0,20,40,0.0119,1.1900
411,0.184502,0,20,40,0.0119,1.1900
412,0.184952,0,20,40,0.0119,1.1900
413,0.185402,0,20,40,0.0119,1.1900
414,0.185852,0,20,40,0.0119,1.1900
415,0.186302,0,20,40,0.0119,0.9520
416,0.186752,0,20,41,0.0238,1.1900
417,0.187202,0,20,41,0.0238,1.1900
418,0.187652,0,20,41,0.0238,1.1900
419,0.188102,0,20,41,0.0238,1.1900
420,0.188552,0,20,41,0.0238,1.1900
421,0.189002,0,20,41,0.0238,1.1900
422,0.189452,0,20,41,0.0238,1.1900
423,0.189902,0,20,41,0.0238,1.1900
424,0.190352,0,20,41,0.0238,1.1900
425,0.190802,0,20,41,0.0238,1.1900
426,0.191252,0,20,41,0.0238,1.1900
427,0.191702,0,20,41,0.0238,1.1900
428,0.192152,0,21,41,0.0238,1.1900
429,0.192602,0,21,41,0.0238,1.1900
430,0.193052,0,21,41,0.0238,1.1900
431,0.193502,0,21,41,0.0238,1.1900
432,0.193952,0,21,41,0.0238,1.1900
433,0.194402,0,21,41,0.0238,1.1900
434,0.194852,0,21,41,0.0238,1.1900
435,0.195302,0,21,41,0.0238,1.1900
436,0.195752,0,21,41,0.0238,1.1900
437,0.196202,0,21,42,0.0357,1.4280
438,0.196652,0,21,42,0.0357,1.4280
439,0.197102,0,21,42,0.0357,1.4280
440,0.197552,0,21,42,0.0357,1.4280
441,0.198002,0,21,42,0.0357,1.1900
442,0.198452,0,21,42,0.0357,1.1900
443,0.198902,0,21,42,0.0357,1.1900
444,0.199352,0,21,42,0.0357,1.1900
445,0.199802,0,21,42,0.0357,1.1900
446,0.200252,0,21,42,0.0357,1.1900
447,0.200702,0,21,42,0.0357,1.1900
448,0.201152,0,21,42,0.0357,1.1900
449,0.201602,0,21,42,0.0357,1.1900
450,0.202052,0,22,42,0.0357,1.1900
451,0.202502,0,22,42,0.0357,1.1900
452,0.202952,0,22,42,0.0357,1.1900
453,0.203402,0,22,42,0.0357,1.1900
454,0.203852,0,22,42,0.0357,1.1900
455,0.204302,0,22,43,0.0476,1.4280
456,0.204752,0,22,43,0.0476,1.4280
457,0.205202,0,22,43,0.0476,1.4280
458,0.205652,0,22,43,0.0476,1.4280
459,0.206102,0,22,43,0.0476,1.4280
460,0.206552,0,22,43,0.0476,1.4280
461,0.207003,0,22,43,0.0476,1.4280
462,0.207453,0,22,43,0.0476,1.4280
463,0.207901,0,22,43,0.0476,1.4280
464,0.208351,0,22,43,0.0476,1.4280
465,0.208802,0,22,43,0.0476,1.4280
466,0.209252,0,22,43,0.0476,1.4280
467,0.209703,0,22,43,0.0476,1.1900
468,0.210153,0,22,43,0.0476,1.1900
469,0.210603,0,22,44,0.0594,1.4280
470,0.211053,0,22,44,0.0594,1.4280
471,0.211503,0,22,44,0.0594,1.4280
472,0.211953,0,23,44,0.0594,1.4280
473,0.212403,0,23,44,0.0594,1.4280
474,0.212853,0,23,44,0.0594,1.4280
475,0.213303,0,23,44,0.0594,1.4280
476,0.213753,0,23,44,0.0594,1.4280
477,0.214203,0,23,44,0.0594,1.4280
478,0.214653,0,23,44,0.0594,1.4280
479,0.215103,0,23,44,0.0594,1.4280
480,0.215553,0,23,44,0.0594,1.4280
481,0.216003,0,23,44,0.0594,1.4280
482,0.216453,0,23,44,0.0594,1.4280
483,0.216903,0,23,44,0.0594,1.4280
484,0.217353,0,23,44,0.0594,1.4280
485,0.217803,0,23,44,0.0594,1.4280
486,0.218253,0,23,45,0.0713,1.6660
487,0.218703,0,23,45,0.0713,1.6660
488,0.219153,0,23,45,0.0713,1.6660
489,0.219602,0,23,45,0.0713,1.4280
490,0.220053,0,23,45,0.0713,1.4280
491,0.220502,0,23,45,0.0713,1.4280
492,0.220952,0,23,45,0.0713,1.4280
493,0.221402,0,23,45,0.0713,1.4280
494,0.221852,0,23,45,0.0713,1.4280
495,0.222302,0,24,45,0.0713,1.4280
496,0.222752,0,24,45,0.0713,1.4280
497,0.223202,0,24,45,0.0713,1.4280
498,0.223652,0,24,45,0.0713,1.4280
499,0.224102,0,24,45,0.0713,1.4280
500,0.224552,0,24,45,0.0713,1.4280
501,0.225002,0,24,45,0.0713,1.4280
502,0.225453,0,24,45,0.0713,1.4280
503,0.225903,0,24,45,0.0713,1.4280
504,0.226353,0,24,45,0.0713,1.4280
505,0.226803,0,24,46,0.0832,1.6660
506,0.227253,0,24,46,0.0832,1.4280
507,0.227703,0,24,46,0.0832,1.4280
508,0.228153,0,24,46,0.0832,1.4280
509,0.228603,0,24,46,0.0832,1.4280
510,0.229053,0,24,46,0.0832,1.4280
511,0.229503,0,24,46,0.0832,1.4280
512,0.229953,0,24,46,0.0832,1.4280
513,0.230403,0,24,46,0.0832,1.4280
514,0.230852,0,24,46,0.0832,1.4280
515,0.231302,0,24,46,0.0832,1.4280
516,0.231752,0,24,46,0.0832,1.4280
517,0.232202,0,25,46,0.0832,1.4280
518,0.232652,0,25,46,0.0832,1.4280
519,0.233102,0,25,46,0.0832,1.4280
520,0.233552,0,25,46,0.0832,1.4280
521,0.234002,0,25,46,0.0832,1.4280
522,0.234452,0,25,47,0.0951,1.6660
523,0.234902,0,25,47,0.0951,1.6660
524,0.235352,0,25,47,0.0951,1.6660
525,0.235802,0,25,47,0.0951,1.6660
526,0.236252,0,25,47,0.0951,1.6660
527,0.236702,0,25,47,0.0951,1.4280
528,0.237152,0,25,47,0.0951,1.4280
529,0.237602,0,25,47,0.0951,1.4280
530,0.238052,0,25,47,0.0951,1.4280
531,0.238502,0,25,47,0.0951,1.4280
532,0.238952,0,25,47,0.0951,1.4280
533,0.239402,0,25,47,0.0951,1.4280
534,0.239852,0,25,47,0.0951,1.4280
535,0.240302,0,25,47,0.0951,1.4280
536,0.240752,0,25,47,0.0951,1.4280
537,0.241203,0,25,48,0.1070,1.6660
538,0.241653,0,25,48,0.1070,1.6660
539,0.242103,0,26,48,0.1070,1.6660
540,0.242552,0,26,48,0.1070,1.6660
541,0.243002,0,26,48,0.1070,1.6661
542,0.243452,0,26,48,0.1070,1.6660
543,0.243902,0,26,48,0.1070,1.6660
544,0.244352,0,26,48,0.1070,1.6660
545,0.244802,0,26,48,0.1070,1.6660
546,0.245252,0,26,48,0.1070,1.6660
547,0.245702,0,26,48,0.1070,1.6660
548,0.246152,0,26,48,0.1070,1.4280
549,0.246602,0,26,48,0.1070,1.4280
550,0.247052,0,26,48,0.1070,1.4280
551,0.247502,0,26,48,0.1070,1.4280
552,0.247952,0,26,48,0.1070,1.4280
553,0.248402,0,26,48,0.1070,1.4280
554,0.248852,0,26,48,0.1070,1.4280
555,0.249302,0,26,48,0.1070,1.4280
556,0.249752,0,26,48,0.1070,1.4280
557,0.250202,0,26,48,0.1070,1.4280
558,0.250652,0,26,48,0.1070,1.4280
559,0.251102,0,26,49,0.1189,1.6660
560,0.251552,0,26,49,0.1189,1.6661
561,0.252002,0,27,49,0.1189,1.6660
562,0.252452,0,27,49,0.1189,1.6660
563,0.252902,0,27,49,0.1189,1.6660
564,0.253352,0,27,49,0.1189,1.6660
565,0.253802,0,27,49,0.1189,1.6660
566,0.254252,0,27,49,0.1189,1.4280
567,0.254702,0,27,49,0.1189,1.4280
568,0.255152,0,27,49,0.1189,1.4280
569,0.255602,0,27,49,0.1189,1.4280
570,0.256052,0,27,49,0.1189,1.4280
571,0.256502,0,27,49,0.1189,1.4280
572,0.256952,0,27,49,0.1189,1.4280
573,0.257402,0,27,49,0.1189,1.4280
574,0.257852,0,27,49,0.1189,1.4280
575,0.258302,0,27,49,0.1189,1.4280
576,0.258752,0,27,49,0.1189,1.4280
577,0.259202,0,27,49,0.1189,1.4280
578,0.259652,0,27,49,0.1189,1.4280
579,0.260102,0,27,49,0.1189,1.4280
580,0.260552,0,27,49,0.1189,1.1900
581,0.261002,0,27,49,0.1189,1.1900
582,0.261452,0,27,49,0.1189,1.1900
583,0.261902,0,27,49,0.1189,1.1900
584,0.262352,0,28,49,0.1189,1.1900
585,0.262802,0,28,49,0.1189,1.1900
586,0.263252,0,28,49,0.1189,1.1900
587,0.263702,0,28,49,0.1189,1.1900
588,0.264152,0,28,49,0.1189,1.1900
589,0.264602,0,28,49,0.1189,1.1900
590,0.265052,0,28,49,0.1189,1.1900
591,0.265502,0,28,49,0.1189,1.1900
592,0.265952,0,28,50,0.1308,1.4280
593,0.266402,0,28,50,0.1308,1.4280
594,0.266852,0,28,50,0.1308,1.4280
595,0.267302,0,28,50,0.1308,1.4280
596,0.267752,0,28,50,0.1308,1.4280
597,0.268202,0,28,50,0.1308,1.1900
598,0.268652,0,28,50,0.1308,1.1900
599,0.269102,0,28,50,0.1308,1.1900
600,0.269552,0,28,50,0.1308,1.1900
601,0.270002,0,28,50,0.1308,1.1900
602,0.270452,0,28,50,0.1308,1.1900
603,0.270902,0,28,50,0.1308,1.1900
604,0.271352,0,28,50,0.1308,1.1900
605,0.271802,0,28,50,0.1308,1.1900
606,0.272252,0,29,50,0.1308,1.1900
607,0.272702,0,29,50,0.1308,1.1900
608,0.273152,0,29,50,0.1308,1.1900
609,0.273602,0,29,50,0.1308,1.1900
610,0.274052,0,29,50,0.1308,1.1900
611,0.274502,0,29,50,0.1308,1.1900
612,0.274952,0,29,50,0.1308,1.1900
613,0.275402,0,29,50,0.1308,1.1900
614,0.275852,0,29,50,0.1308,1.1900
615,0.276302,0,29,50,0.1308,1.1900
616,0.276752,0,29,50,0.1308,0.9520
617,0.277202,0,29,50,0.1308,0.9520
618,0.277652,0,29,50,0.1308,0.9520
619,0.278102,0,29,50,0.1308,0.9520
620,0.278552,0,29,50,0.1308,0.9520
621,0.279002,0,29,50,0.1308,0.9520
622,0.279452,0,29,50,0.1308,0.9520
623,0.279902,0,29,50,0.1308,0.9520
624,0.280352,0,29,50,0.1308,0.9520
625,0.280802,0,29,50,0.1308,0.9520
626,0.281252,0,29,50,0.1308,0.9520
627,0.281702,0,29,50,0.1308,0.9520
628,0.282152,0,30,50,0.1308,0.9520
629,0.282602,0,30,50,0.1308,0.9520
630,0.283052,0,30,50,0.1308,0.9520
631,0.283502,0,30,50,0.1308,0.9520
632,0.283952,0,30,50,0.1308,0.9520
633,0.284402,0,30,50,0.1308,0.7140
634,0.284852,0,30,50,0.1308,0.7140
635,0.285302,0,30,50,0.1308,0.7140
636,0.285752,0,30,50,0.1308,0.7140
637,0.286202,0,30,50,0.1308,0.7140
638,0.286652,0,30,50,0.1308,0.7140
639,0.287102,0,30,50,0.1308,0.7140
640,0.287552,0,30,50,0.1308,0.7140
641,0.288002,0,30,50,0.1308,0.7140
642,0.288452,0,30,50,0.1308,0.7140
643,0.288902,0,30,50,0.1308,0.7140
644,0.289353,0,30,50,0.1308,0.7140
645,0.289803,0,30,50,0.1308,0.7140
646,0.290253,0,30,50,0.1308,0.7140
647,0.290702,0,30,50,0.1308,0.7140
648,0.291152,0,30,50,0.1308,0.4760
649,0.291602,0,30,50,0.1308,0.4760
650,0.292052,0,31,50,0.1308,0.4760
651,0.292502,0,31,50,0.1308,0.4760
652,0.292953,0,31,50,0.1308,0.4760
653,0.293403,0,31,50,0.1308,0.4760
654,0.293853,0,31,50,0.1308,0.4760
655,0.294303,0,31,50,0.1308,0.4760
656,0.294753,0,31,50,0.1308,0.4760
657,0.295203,0,31,50,0.1308,0.4760
658,0.295653,0,31,50,0.1308,0.4760
659,0.296103,0,31,50,0.1308,0.4760
660,0.296553,0,31,50,0.1308,0.4760
661,0.297003,0,31,50,0.1308,0.4760
662,0.297453,0,31,50,0.1308,0.4760
663,0.297903,0,31,50,0.1308,0.4760
664,0.298353,0,31,50,0.1308,0.4760
665,0.298803,0,31,50,0.1308,0.4760
666,0.299253,0,31,50,0.1308,0.4760
667,0.299703,0,31,50,0.1308,0.4760
668,0.300153,0,31,50,0.1308,0.4760
669,0.300603,0,31,50,0.1308,0.4760
670,0.301053,0,31,50,0.1308,0.2380
671,0.301503,0,31,50,0.1308,0.2380
672,0.301953,0,32,50,0.1308,0.2380
673,0.302403,0,32,50,0.1308,0.2380
674,0.302853,0,32,50,0.1308,0.2380
675,0.303303,0,32,50,0.1308,0.2380
676,0.303753,0,32,50,0.1308,0.2380
677,0.304203,0,32,50,0.1308,0.2380
678,0.304653,0,32,50,0.1308,0.2380
679,0.305103,0,32,50,0.1308,0.2380
680,0.305553,0,32,50,0.1308,0.2380
681,0.306003,0,32,50,0.1308,0.2380
682,0.306453,0,32,50,0.1308,0.2380
683,0.306903,0,32,50,0.1308,0.2380
684,0.307353,0,32,50,0.1308,0.2380
685,0.307803,0,32,50,0.1308,0.2380
686,0.308253,0,32,50,0.1308,0.2380
687,0.308703,0,32,50,0.1308,0.2380
688,0.309153,0,32,50,0.1308,0.2380
689,0.309603,0,32,50,0.1308,0.2380
690,0.310053,0,32,50,0.1308,0.2380
691,0.310503,0,32,50,0.1308,0.2380
692,0.310953,0,32,50,0.1308,0.2380
693,0.311403,0,32,50,0.1308,0.2380
694,0.311853,0,32,50,0.1308,0.2380
695,0.312303,0,33,50,0.1308,0.2380
696,0.312753,0,33,50,0.1308,0.2380
697,0.313203,0,33,50,0.1308,0.2380
698,0.313653,0,33,50,0.1308,0.2380
699,0.314103,0,33,50,0.1308,0.2380
700,0.314553,0,33,50,0.1308,0.2380
701,0.315003,0,33,50,0.1308,0.2380
702,0.315453,0,33,50,0.1308,0.2380
703,0.315903,0,33,50,0.1308,0.0000
704,0.316353,0,33,50,0.1308,0.0000
705,0.316803,0,33,50,0.1308,0.0000
706,0.317253,0,33,50,0.1308,0.0000
707,0.317703,0,33,50,0.1308,0.0000
708,0.318153,0,33,50,0.1308,0.0000
709,0.318603,0,33,50,0.1308,0.0000
710,0.319053,0,33,50,0.1308,0.0000
711,0.319503,0,33,50,0.1308,0.0000
712,0.319953,0,33,50,0.1308,0.0000
713,0.320403,0,33,50,0.1308,0.0000
714,0.320853,0,33,50,0.1308,0.0000
715,0.321303,0,33,50,0.1308,0.0000
716,0.321753,0,33,50,0.1308,0.0000
717,0.322203,0,34,50,0.1308,0.0000
718,0.322653,0,34,50,0.1308,0.0000
719,0.323103,0,34,50,0.1308,0.0000
720,0.323553,0,34,50,0.1308,0.0000
721,0.324003,0,34,50,0.1308,0.0000
722,0.324453,0,34,50,0.1308,0.0000
723,0.324903,0,34,50,0.1308,0.0000
724,0.325353,0,34,50,0.1308,0.0000
725,0.325803,0,34,50,0.1308,0.0000
726,0.326253,0,34,50,0.1308,0.0000
727,0.326703,0,34,50,0.1308,0.0000
728,0.327153,0,34,50,0.1308,0.0000
729,0.327603,0,34,50,0.1308,0.0000
730,0.328053,0,34,50,0.1308,0.0000
731,0.328503,0,34,50,0.1308,0.0000
732,0.328953,0,34,50,0.1308,0.0000
733,0.329403,0,34,50,0.1308,0.0000
734,0.329853,0,34,50,0.1308,0.0000
735,0.330303,0,34,50,0.1308,0.0000
736,0.330753,0,34,50,0.1308,0.0000
737,0.331203,0,34,50,0.1308,0.0000
738,0.331653,0,34,50,0.1308,0.0000
739,0.332103,0,35,50,0.1308,0.0000
740,0.332553,0,35,50,0.1308,0.0000
741,0.333003,0,35,50,0.1308,0.0000
742,0.333453,0,35,50,0.1308,0.0000
743,0.333903,0,35,50,0.1308,0.0000
744,0.334353,0,35,50,0.1308,0.0000
745,0.334803,0,35,50,0.1308,0.0000
746,0.335253,0,35,50,0.1308,0.0000
747,0.335703,0,35,50,0.1308,0.0000
748,0.336153,0,35,50,0.1308,0.0000
749,0.336603,0,35,50,0.1308,0.0000
750,0.337053,0,35,50,0.1308,0.0000
751,0.337503,0,35,50,0.1308,0.0000
752,0.337953,0,35,50,0.1308,0.0000
753,0.338403,0,35,50,0.1308,0.0000
754,0.338853,0,35,50,0.1308,0.0000
755,0.339303,0,35,50,0.1308,0.0000
756,0.339753,0,35,50,0.1308,0.0000
757,0.340203,0,35,50,0.1308,0.0000
758,0.340653,0,35,50,0.1308,0.0000
759,0.341103,0,35,50,0.1308,0.0000
760,0.341553,0,35,50,0.1308,0.0000
761,0.342003,0,36,50,0.1308,0.0000
762,0.342453,0,36,50,0.1308,0.0000
763,0.342903,0,36,50,0.1308,0.0000
764,0.343353,0,36,50,0.1308,0.0000
765,0.343803,0,36,49,0.1189,-0.2380
766,0.344253,0,36,49,0.1189,-0.2380
767,0.344703,0,36,49,0.1189,-0.2380
768,0.345153,0,36,49,0.1189,-0.2380
769,0.345603,0,36,49,0.1189,-0.2380
770,0.346053,0,36,49,0.1189,-0.2380
771,0.346503,0,36,49,0.1189,-0.2380
772,0.346953,0,36,49,0.1189,-0.2380
773,0.347403,0,36,49,0.1189,-0.2380
774,0.347853,0,36,49,0.1189,-0.2380
775,0.348303,0,36,49,0.1189,-0.2380
776,0.348753,0,36,49,0.1189,-0.2380
777,0.349203,0,36,49,0.1189,-0.2380
778,0.349653,0,36,49,0.1189,-0.2380
779,0.350103,0,36,49,0.1189,-0.2380
780,0.350553,0,36,49,0.1189,-0.2380
781,0.351003,0,36,49,0.1189,-0.2380
782,0.351453,0,36,49,0.1189,-0.2380
783,0.351903,0,36,49,0.1189,-0.2380
784,0.352353,0,37,49,0.1189,-0.2380
785,0.352803,0,37,49,0.1189,-0.2380
786,0.353253,0,37,49,0.1189,-0.2380
787,0.353703,0,37,49,0.1189,-0.2380
788,0.354153,0,37,49,0.1189,-0.2380
789,0.354603,0,37,49,0.1189,-0.2380
790,0.355053,0,37,49,0.1189,-0.2380
791,0.355503,0,37,49,0.1189,-0.2380
792,0.355953,0,37,49,0.1189,-0.2380
793,0.356403,0,37,49,0.1189,-0.2380
794,0.356853,0,37,49,0.1189,-0.2380
795,0.357303,0,37,49,0.1189,-0.2380
796,0.357753,0,37,49,0.1189,-0.2380
797,0.358203,0,37,49,0.1189,-0.2380
798,0.358653,0,37,49,0.1189,-0.2380
799,0.359103,0,37,49,0.1189,-0.2380
800,0.359553,0,37,49,0.1189,-0.2380
801,0.360003,0,37,49,0.1189,-0.2380
802,0.360453,0,37,49,0.1189,-0.2380
803,0.360903,0,37,49,0.1189,-0.2380
804,0.361353,0,37,49,0.1189,-0.2380
805,0.361803,0,37,49,0.1189,-0.2380
806,0.362253,0,38,49,0.1189,-0.2380
807,0.362703,0,38,49,0.1189,-0.2380
808,0.363153,0,38,49,0.1189,-0.2380
809,0.363603,0,38,49,0.1189,-0.2380
810,0.364053,0,38,49,0.1189,-0.2380
811,0.364503,0,38,49,0.1189,-0.2380
812,0.364953,0,38,49,0.1189,-0.2380
813,0.365403,0,38,49,0.1189,-0.2380
814,0.365853,0,38,49,0.1189,-0.2380
815,0.366303,0,38,49,0.1189,-0.2380
816,0.366753,0,38,49,0.1189,-0.2380
817,0.367203,0,38,49,0.1189,-0.2380
818,0.367653,0,38,49,0.1189,-0.2380
819,0.368103,0,38,49,0.1189,-0.2380
820,0.368553,0,38,49,0.1189,-0.2380
821,0.369003,0,38,49,0.1189,-0.2380
822,0.369453,0,38,49,0.1189,-0.2380
823,0.369903,0,38,48,0.1070,-0.4760
824,0.370353,0,38,48,0.1070,-0.4760
825,0.370803,0,38,48,0.1070,-0.4760
826,0.371253,0,38,48,0.1070,-0.4760
827,0.371703,0,38,48,0.1070,-0.4760
828,0.372153,0,39,48,0.1070,-0.4760
829,0.372603,0,39,48,0.1070,-0.4760
830,0.373053,0,39,48,0.1070,-0.4760
831,0.373503,0,39,48,0.1070,-0.4760
832,0.373953,0,39,48,0.1070,-0.4760
833,0.374404,0,39,48,0.1070,-0.4760
834,0.374854,0,39,48,0.1070,-0.4760
835,0.375304,0,39,48,0.1070,-0.4760
836,0.375754,0,39,48,0.1070,-0.4760
837,0.376204,0,39,48,0.1070,-0.4760
838,0.376653,0,39,48,0.1070,-0.4760
839,0.377103,0,39,48,0.1070,-0.4760
840,0.377554,0,39,48,0.1070,-0.4760
841,0.378004,0,39,48,0.1070,-0.4760
842,0.378454,0,39,48,0.1070,-0.4760
843,0.378904,0,39,48,0.1070,-0.4760
844,0.379354,0,39,48,0.1070,-0.4760
845,0.379804,0,39,48,0.1070,-0.4760
846,0.380254,0,39,48,0.1070,-0.4760
847,0.380704,0,39,48,0.1070,-0.4760
848,0.381154,0,39,48,0.1070,-0.4760
849,0.381604,0,39,48,0.1070,-0.4760
850,0.382054,0,40,48,0.1070,-0.4760
851,0.382504,0,40,48,0.1070,-0.4760
852,0.382954,0,40,48,0.1070,-0.4760
853,0.383404,0,40,48,0.1070,-0.4760
854,0.383854,0,40,48,0.1070,-0.4760
855,0.384304,0,40,48,0.1070,-0.4760
856,0.384754,0,40,47,0.0951,-0.7140
857,0.385204,0,40,47,0.0951,-0.7140
858,0.385654,0,40,47,0.0951,-0.7140
859,0.386104,0,40,47,0.0951,-0.7140
860,0.386554,0,40,47,0.0951,-0.7140
861,0.387004,0,40,47,0.0951,-0.7140
862,0.387454,0,40,47,0.0951,-0.7140
863,0.387904,0,40,47,0.0951,-0.7140
864,0.388354,0,40,47,0.0951,-0.7140
865,0.388804,0,40,47,0.0951,-0.7140
866,0.389254,0,40,47,0.0951,-0.7140
867,0.389704,0,40,47,0.0951,-0.7140
868,0.390154,0,40,47,0.0951,-0.7140
869,0.390604,0,40,47,0.0951,-0.7140
870,0.391054,0,40,47,0.0951,-0.7140
871,0.391504,0,40,47,0.0951,-0.7140
872,0.391954,0,40,47,0.0951,-0.7140
873,0.392404,0,41,47,0.0951,-0.7140
874,0.392854,0,41,47,0.0951,-0.7140
875,0.393304,0,41,47,0.0951,-0.7140
876,0.393754,0,41,47,0.0951,-0.4760
877,0.394204,0,41,47,0.0951,-0.4760
878,0.394654,0,41,47,0.0951,-0.4760
879,0.395104,0,41,47,0.0951,-0.4760
880,0.395554,0,41,47,0.0951,-0.4760
881,0.396004,0,41,47,0.0951,-0.4760
882,0.396454,0,41,47,0.0951,-0.4760
883,0.396904,0,41,47,0.0951,-0.4760
884,0.397354,0,41,46,0.0832,-0.7140
885,0.397804,0,41,46,0.0832,-0.7140
886,0.398254,0,41,46,0.0832,-0.7140
887,0.398704,0,41,46,0.0832,-0.7140
888,0.399154,0,41,46,0.0832,-0.7140
889,0.399604,0,41,46,0.0832,-0.7140
890,0.400054,0,41,46,0.0832,-0.7140
891,0.400504,0,41,46,0.0832,-0.7140
892,0.400954,0,41,46,0.0832,-0.7140
893,0.401404,0,41,46,0.0832,-0.7140
894,0.401854,0,41,46,0.0832,-0.7140
895,0.402304,0,42,46,0.0832,-0.7140
896,0.402754,0,42,46,0.0832,-0.7140
897,0.403204,0,42,46,0.0832,-0.7140
898,0.403654,0,42,46,0.0832,-0.7140
899,0.404104,0,42,46,0.0832,-0.7140
900,0.404554,0,42,46,0.0832,-0.7140
901,0.405004,0,42,46,0.0832,-0.7140
902,0.405454,0,42,46,0.0832,-0.7140
903,0.405904,0,42,46,0.0832,-0.7140
904,0.406354,0,42,46,0.0832,-0.7140
905,0.406804,0,42,46,0.0832,-0.7140
906,0.407254,0,42,46,0.0832,-0.7140
907,0.407704,0,42,46,0.0832,-0.7140
908,0.408154,0,42,46,0.0832,-0.7140
909,0.408604,0,42,46,0.0832,-0.7140
910,0.409054,0,42,46,0.0832,-0.7140
911,0.409504,0,42,46,0.0832,-0.7140
912,0.409954,0,42,46,0.0832,-0.7140
913,0.410404,0,42,46,0.0832,-0.7140
914,0.410854,0,42,46,0.0832,-0.7140
915,0.411304,0,42,46,0.0832,-0.7140
916,0.411754,0,42,46,0.0832,-0.7140
917,0.412204,0,43,46,0.0832,-0.7140
918,0.412654,0,43,46,0.0832,-0.7140
919,0.413104,0,43,46,0.0832,-0.7140
920,0.413554,0,43,46,0.0832,-0.7140
921,0.414004,0,43,46,0.0832,-0.7140
922,0.414454,0,43,46,0.0832,-0.7140
923,0.414904,0,43,46,0.0832,-0.7140
924,0.415354,0,43,46,0.0832,-0.7140
925,0.415804,0,43,46,0.0832,-0.7140
926,0.416254,0,43,46,0.0832,-0.7140
927,0.416704,0,43,46,0.0832,-0.7140
928,0.417154,0,43,46,0.0832,-0.7140
929,0.417604,0,43,46,0.0832,-0.7140
930,0.418054,0,43,46,0.0832,-0.7140
931,0.418504,0,43,46,0.0832,-0.7140
932,0.418954,0,43,46,0.0832,-0.7140
933,0.419404,0,43,46,0.0832,-0.7140
934,0.419854,0,43,46,0.0832,-0.4760
935,0.420304,0,43,46,0.0832,-0.4760
936,0.420754,0,43,46,0.0832,-0.4760
937,0.421204,0,43,46,0.0832,-0.4760
938,0.421654,0,43,46,0.0832,-0.4760
939,0.422104,0,44,46,0.0832,-0.4760
940,0.422554,0,44,46,0.0832,-0.4760
941,0.423004,0,44,46,0.0832,-0.4760
942,0.423454,0,44,46,0.0832,-0.4760
943,0.423904,0,44,46,0.0832,-0.4760
944,0.424354,0,44,46,0.0832,-0.4760
945,0.424804,0,44,46,0.0832,-0.4760
946,0.425254,0,44,46,0.0832,-0.4760
947,0.425704,0,44,46,0.0832,-0.4760
948,0.426154,0,44,46,0.0832,-0.4760
949,0.426604,0,44,46,0.0832,-0.4760
950,0.427054,0,44,46,0.0832,-0.4760
951,0.427504,0,44,46,0.0832,-0.4760
952,0.427954,0,44,46,0.0832,-0.4760
953,0.428404,0,44,46,0.0832,-0.4760
954,0.428854,0,44,46,0.0832,-0.4760
955,0.429304,0,44,46,0.0832,-0.4760
956,0.429754,0,44,46,0.0832,-0.4760
957,0.430204,0,44,46,0.0832,-0.4760
958,0.430654,0,44,46,0.0832,-0.4760
959,0.431104,0,44,46,0.0832,-0.4760
960,0.431554,0,44,46,0.0832,-0.4760
961,0.432004,0,45,46,0.0832,-0.4760
962,0.432454,0,45,46,0.0832,-0.4760
963,0.432904,0,45,46,0.0832,-0.4760
964,0.433354,0,45,46,0.0832,-0.4760
965,0.433804,0,45,46,0.0832,-0.4760
966,0.434254,0,45,46,0.0832,-0.4760
967,0.434704,0,45,46,0.0832,-0.2380
968,0.435154,0,45,46,0.0832,-0.2380
969,0.435604,0,45,46,0.0832,-0.2380
970,0.436054,0,45,46,0.0832,-0.2380
971,0.436504,0,45,46,0.0832,-0.2380
972,0.436954,0,45,46,0.0832,-0.2380
973,0.437404,0,45,46,0.0832,-0.2380
974,0.437854,0,45,46,0.0832,-0.2380
975,0.438304,0,45,46,0.0832,-0.2380
976,0.438754,0,45,46,0.0832,-0.2380
977,0.439204,0,45,46,0.0832,-0.2380
978,0.439654,0,45,46,0.0832,-0.2380
979,0.440104,0,45,46,0.0832,-0.2380
980,0.440554,0,45,46,0.0832,-0.2380
981,0.441004,0,45,46,0.0832,-0.2380
982,0.441454,0,45,46,0.0832,-0.2380
983,0.441904,0,45,46,0.0832,-0.2380
984,0.442354,0,46,46,0.0832,-0.2380
985,0.442804,0,46,46,0.0832,-0.2380
986,0.443254,0,46,46,0.0832,-0.2380
987,0.443704,0,46,46,0.0832,-0.2380
988,0.444154,0,46,46,0.0832,-0.2380
989,0.444604,0,46,46,0.0832,-0.2380
990,0.445054,0,46,46,0.0832,-0.2380
991,0.445504,0,46,46,0.0832,-0.2380
992,0.445954,0,46,46,0.0832,-0.2380
993,0.446404,0,46,46,0.0832,-0.2380
994,0.446854,0,46,46,0.0832,-0.2380
995,0.447304,0,46,47,0.0951,0.2380
996,0.447754,0,46,47,0.0951,0.2380
997,0.448204,0,46,47,0.0951,0.2380
998,0.448654,0,46,47,0.0951,0.2380
999,0.449104,0,46,47,0.0951,0.2380
1000,0.449554,0,46,47,0.0951,0.2380
1001,0.450004,0,46,47,0.0951,0.2380
1002,0.450454,0,46,47,0.0951,0.2380
1003,0.450904,0,46,47,0.0951,0.2380
1004,0.451354,0,46,47,0.0951,0.2380
1005,0.451804,0,46,47,0.0951,0.2380
1006,0.452254,0,47,47,0.0951,0.2380
1007,0.452704,0,47,47,0.0951,0.2380
1008,0.453154,0,47,47,0.0951,0.2380
1009,0.453604,0,47,47,0.0951,0.2380
1010,0.454054,0,47,47,0.0951,0.2380
1011,0.454504,0,47,47,0.0951,0.2380
1012,0.454954,0,47,47,0.0951,0.2380
1013,0.455404,0,47,47,0.0951,0.2380
1014,0.455854,0,47,47,0.0951,0.2380
1015,0.456304,0,47,47,0.0951,0.2380
1016,0.456754,0,47,47,0.0951,0.2380
1017,0.457205,0,47,47,0.0951,0.2380
1018,0.457655,0,47,47,0.0951,0.2380
1019,0.458105,0,47,47,0.0951,0.2380
1020,0.458554,0,47,47,0.0951,0.2380
1021,0.459004,0,47,47,0.0951,0.2380
1022,0.459454,0,47,48,0.1070,0.4760
1023,0.459904,0,47,48,0.1070,0.4760
1024,0.460354,0,47,48,0.1070,0.4760
1025,0.460805,0,47,48,0.1070,0.4760
1026,0.461255,0,47,48,0.1070,0.4760
1027,0.461705,0,47,48,0.1070,0.4760
1028,0.462155,0,48,48,0.1070,0.4760
1029,0.462605,0,48,48,0.1070,0.4760
1030,0.463055,0,48,48,0.1070,0.4760
1031,0.463505,0,48,48,0.1070,0.4760
1032,0.463955,0,48,48,0.1070,0.4760
1033,0.464405,0,48,48,0.1070,0.4760
1034,0.464855,0,48,48,0.1070,0.4760
1035,0.465305,0,48,48,0.1070,0.4760
1036,0.465755,0,48,48,0.1070,0.4760
1037,0.466205,0,48,48,0.1070,0.4760
1038,0.466655,0,48,48,0.1070,0.4760
1039,0.467105,0,48,48,0.1070,0.4760
1040,0.467555,0,48,48,0.1070,0.4760
1041,0.468005,0,48,48,0.1070,0.4760
1042,0.468455,0,48,48,0.1070,0.4760
1043,0.468905,0,48,48,0.1070,0.4760
1044,0.469355,0,48,48,0.1070,0.4760
1045,0.469805,0,48,49,0.1189,0.7140
1046,0.470255,0,48,49,0.1189,0.7140
1047,0.470705,0,48,49,0.1189,0.7140
1048,0.471155,0,48,49,0.1189,0.7140
1049,0.471605,0,48,49,0.1189,0.7140
1050,0.472055,0,49,49,0.1189,0.7140
1051,0.472505,0,49,49,0.1189,0.7140
1052,0.472955,0,49,49,0.1189,0.7140
1053,0.473405,0,49,49,0.1189,0.7140
1054,0.473855,0,49,49,0.1189,0.7140
1055,0.474305,0,49,49,0.1189,0.7140
1056,0.474755,0,49,49,0.1189,0.7140
1057,0.475205,0,49,49,0.1189,0.7140
1058,0.475655,0,49,49,0.1189,0.7140
1059,0.476105,0,49,49,0.1189,0.7140
1060,0.476555,0,49,49,0.1189,0.7140
1061,0.477005,0,49,49,0.1189,0.7140
1062,0.477455,0,49,49,0.1189,0.7140
1063,0.477905,0,49,49,0.1189,0.7140
1064,0.478355,0,49,49,0.1189,0.7140
1065,0.478805,0,49,50,0.1308,0.9520
1066,0.479255,0,49,50,0.1308,0.9520
1067,0.479705,0,49,50,0.1308,0.9520
1068,0.480155,0,49,50,0.1308,0.9520
1069,0.480605,0,49,50,0.1308,0.9520
1070,0.481055,0,49,50,0.1308,0.9520
1071,0.481505,0,49,50,0.1308,0.9520
1072,0.481955,0,49,50,0.1308,0.9520
1073,0.482405,0,50,50,0.1308,0.9520
1074,0.482855,0,50,50,0.1308,0.9520
1075,0.483305,0,50,50,0.1308,0.9520
1076,0.483755,0,50,50,0.1308,0.9520
1077,0.484205,0,50,50,0.1308,0.9520
1078,0.484655,0,50,50,0.1308,0.9520
1079,0.485105,0,50,50,0.1308,0.9520
1080,0.485555,0,50,50,0.1308,0.9520
1081,0.486005,0,50,51,0.1427,1.1900
1082,0.486455,0,50,51,0.1427,1.1900
1083,0.486905,0,50,51,0.1427,1.1900
1084,0.487355,0,50,51,0.1427,1.1900
1085,0.487805,0,50,51,0.1427,1.1900
1086,0.488255,0,50,51,0.1427,1.1900
1087,0.488705,0,50,51,0.1427,1.1900
1088,0.489155,0,50,51,0.1427,1.1900
1089,0.489605,0,50,51,0.1427,1.1900
1090,0.490055,0,50,51,0.1427,1.1900
1091,0.490505,0,50,51,0.1427,1.1900
1092,0.490955,0,50,52,0.1545,1.4280
1093,0.491405,0,50,52,0.1545,1.4280
1094,0.491855,0,50,52,0.1545,1.4280
1095,0.492305,0,51,52,0.1545,1.4280
1096,0.492755,0,51,52,0.1545,1.4280
1097,0.493205,0,51,52,0.1545,1.4280
1098,0.493655,0,51,52,0.1545,1.4280
1099,0.494105,0,51,52,0.1545,1.4280
1100,0.494555,0,51,52,0.1545,1.4280
1101,0.495005,0,51,52,0.1545,1.4280
1102,0.495455,0,51,52,0.1545,1.4280
1103,0.495905,0,51,52,0.1545,1.4280
1104,0.496355,0,51,52,0.1545,1.4280
1105,0.496805,0,51,53,0.1664,1.6660
1106,0.497255,0,51,53,0.1664,1.4280
1107,0.497705,0,51,53,0.1664,1.4280
1108,0.498155,0,51,53,0.1664,1.4280
1109,0.498605,0,51,53,0.1664,1.4280
1110,0.499055,0,51,53,0.1664,1.4280
1111,0.499505,0,51,53,0.1664,1.4280
1112,0.499955,0,51,53,0.1664,1.4280
1113,0.500405,0,51,53,0.1664,1.4280
1114,0.500855,0,51,53,0.1664,1.4280
1115,0.501305,0,51,53,0.1664,1.4280
1116,0.501755,0,51,53,0.1664,1.4280
1117,0.502205,0,52,53,0.1664,1.4280
1118,0.502655,0,52,54,0.1783,1.6660
1119,0.503105,0,52,54,0.1783,1.6660
1120,0.503555,0,52,54,0.1783,1.6660
1121,0.504005,0,52,54,0.1783,1.6660
1122,0.504455,0,52,54,0.1783,1.6660
1123,0.504905,0,52,54,0.1783,1.6660
1124,0.505355,0,52,54,0.1783,1.6660
1125,0.505805,0,52,54,0.1783,1.6660
1126,0.506255,0,52,54,0.1783,1.6660
1127,0.506705,0,52,54,0.1783,1.6660
1128,0.507155,0,52,54,0.1783,1.6660
1129,0.507605,0,52,55,0.1902,1.9040
1130,0.508055,0,52,55,0.1902,1.9040
1131,0.508505,0,52,55,0.1902,1.9040
1132,0.508955,0,52,55,0.1902,1.9040
1133,0.509405,0,52,55,0.1902,1.6660
1134,0.509855,0,52,55,0.1902,1.6660
1135,0.510305,0,52,55,0.1902,1.6660
1136,0.510755,0,52,55,0.1902,1.6660
1137,0.511205,0,52,55,0.1902,1.6660
1138,0.511655,0,52,56,0.2021,1.9040
1139,0.512105,0,53,56,0.2021,1.9040
1140,0.512555,0,53,56,0.2021,1.9040
1141,0.513005,0,53,56,0.2021,1.9040
1142,0.513455,0,53,56,0.2021,1.9040
1143,0.513905,0,53,56,0.2021,1.9040
1144,0.514355,0,53,56,0.2021,1.9040
1145,0.514805,0,53,56,0.2021,1.9040
1146,0.515255,0,53,56,0.2021,1.9040
1147,0.515705,0,53,56,0.2021,1.9040
1148,0.516155,0,53,56,0.2021,1.9040
1149,0.516605,0,53,57,0.2140,2.1420
1150,0.517055,0,53,57,0.2140,2.1420
1151,0.517505,0,53,57,0.2140,2.1420
1152,0.517955,0,53,57,0.2140,2.1420
1153,0.518405,0,53,57,0.2140,2.1420
1154,0.518855,0,53,57,0.2140,2.1420
1155,0.519305,0,53,57,0.2140,2.1420
1156,0.519755,0,53,57,0.2140,1.9040
1157,0.520205,0,53,57,0.2140,1.9040
1158,0.520655,0,53,57,0.2140,1.9040
1159,0.521105,0,53,57,0.2140,1.9040
1160,0.521555,0,53,57,0.2140,1.9040
1161,0.522005,0,53,58,0.2259,2.1420
1162,0.522455,0,54,58,0.2259,2.1420
1163,0.522905,0,54,58,0.2259,2.1420
1164,0.523355,0,54,58,0.2259,2.1420
1165,0.523805,0,54,58,0.2259,2.1420
1166,0.524255,0,54,58,0.2259,2.1420
1167,0.524705,0,54,58,0.2259,2.1420
1168,0.525155,0,54,58,0.2259,2.1420
1169,0.525605,0,54,58,0.2259,2.1420
1170,0.526055,0,54,58,0.2259,2.1420
1171,0.526505,0,54,58,0.2259,2.1420
1172,0.526955,0,54,59,0.2378,2.3800
1173,0.527405,0,54,59,0.2378,2.3800
1174,0.527855,0,54,59,0.2378,2.3800
1175,0.528305,0,54,59,0.2378,2.3800
1176,0.528755,0,54,59,0.2378,2.1420
1177,0.529205,0,54,59,0.2378,2.1420
1178,0.529655,0,54,59,0.2378,2.1420
1179,0.530105,0,54,59,0.2378,2.1420
1180,0.530555,0,54,60,0.2497,2.3800
1181,0.531005,0,54,60,0.2497,2.3800
1182,0.531455,0,54,60,0.2497,2.3800
1183,0.531905,0,54,60,0.2497,2.3800
1184,0.532355,0,55,60,0.2497,2.3800
1185,0.532805,0,55,60,0.2497,2.3800
1186,0.533255,0,55,60,0.2497,2.3800
1187,0.533705,0,55,60,0.2497,2.3800
1188,0.534155,0,55,60,0.2497,2.3800
1189,0.534605,0,55,60,0.2497,2.3800
1190,0.535055,0,55,60,0.2497,2.3800
1191,0.535505,0,55,61,0.2615,2.6180
1192,0.535955,0,55,61,0.2615,2.3800
1193,0.536405,0,55,61,0.2615,2.3800
1194,0.536855,0,55,61,0.2615,2.3800
1195,0.537305,0,55,61,0.2615,2.3800
1196,0.537755,0,55,61,0.2615,2.3800
1197,0.538205,0,55,61,0.2615,2.3800
1198,0.538655,0,55,61,0.2615,2.3800
1199,0.539105,0,55,61,0.2615,2.3800
1200,0.539555,0,55,61,0.2615,2.3800
1201,0.540005,0,55,61,0.2615,2.3800
1202,0.540455,0,55,62,0.2734,2.6180
1203,0.540906,0,55,62,0.2734,2.3800
1204,0.541355,0,55,62,0.2734,2.3800
1205,0.541806,0,55,62,0.2734,2.3800
1206,0.542256,0,56,62,0.2734,2.3800
1207,0.542705,0,56,62,0.2734,2.3800
1208,0.543156,0,56,62,0.2734,2.3800
1209,0.543605,0,56,62,0.2734,2.3800
1210,0.544056,0,56,62,0.2734,2.3800
1211,0.544505,0,56,62,0.2734,2.3800
1212,0.544956,0,56,62,0.2734,2.3800
1213,0.545406,0,56,63,0.2853,2.6180
1214,0.545856,0,56,63,0.2853,2.6180
1215,0.546306,0,56,63,0.2853,2.6180
1216,0.546756,0,56,63,0.2853,2.3800
1217,0.547206,0,56,63,0.2853,2.3800
1218,0.547656,0,56,63,0.2853,2.3800
1219,0.548106,0,56,63,0.2853,2.3800
1220,0.548556,0,56,63,0.2853,2.3800
1221,0.549006,0,56,63,0.2853,2.3800
1222,0.549456,0,56,64,0.2972,2.6180
1223,0.549906,0,56,64,0.2972,2.6180
1224,0.550356,0,56,64,0.2972,2.6180
1225,0.550806,0,56,64,0.2972,2.6180
1226,0.551256,0,56,64,0.2972,2.6180
1227,0.551706,0,56,64,0.2972,2.6180
1228,0.552156,0,57,64,0.2972,2.6180
1229,0.552606,0,57,64,0.2972,2.3800
1230,0.553056,0,57,64,0.2972,2.3800
1231,0.553506,0,57,64,0.2972,2.3800
1232,0.553956,0,57,64,0.2972,2.3800
1233,0.554406,0,57,65,0.3091,2.6180
1234,0.554856,0,57,65,0.3091,2.6180
1235,0.555306,0,57,65,0.3091,2.6180
1236,0.555756,0,57,65,0.3091,2.6180
1237,0.556206,0,57,65,0.3091,2.6180
1238,0.556656,0,57,65,0.3091,2.6180
1239,0.557106,0,57,65,0.3091,2.6180
1240,0.557556,0,57,65,0.3091,2.3800
1241,0.558006,0,57,65,0.3091,2.3800
